"","demand"
"1",2493.387
"2",2073.242
"3",1744.264
"4",2001.705
"5",1904.59
"6",2201.33
"7",2950.392
"8",3928.266
"9",4051.001
"10",4376.423
"11",3776.322
"12",3844.485
"13",3340.245
"14",2587.276
"15",2085.361
"16",1879.847
"17",1851.165
"18",2024.252
"19",3072.046
"20",3675.046
"21",4314.526
"22",4489.717
"23",3573.911
"24",3717.726
"25",2801.308
"26",2053.429
"27",1885.333
"28",1803.897
"29",1640.327
"30",1901.106
"31",2213.837
"32",3129.436
"33",3551.978
"34",3739.509
"35",3461.534
"36",3087.534
"37",2729.891
"38",2324.748
"39",1988.699
"40",1750.129
"41",1589.811
"42",1807.271
"43",2300.827
"44",3259.997
"45",3820.993
"46",4337.863
"47",3308.09
